{
  "schema_version": 1,
  "generated_by": "starglyph-cli 0.1.0",
  "dataset": {
    "manifest": "../data/samples/sky-samples/manifest.json",
    "tracks": [
      "solver"
    ],
    "ids_filter": [
      "tetra3_alt40",
      "tetra3_alt60"
    ],
    "n_selected": 2
  },
  "config": {
    "fov_hint_deg": null,
    "catalog": "../data/catalogs/hyg_v42.csv.gz",
    "blind": true,
    "exif_hints": true
  },
  "solver_track": {
    "n": 2,
    "attempted": 2,
    "solved": 2,
    "solve_rate": 1.0
  },
  "pose_errors": {
    "n_gt": 2,
    "n_compared": 2,
    "axis_angle_deg": {
      "median": 0.007717103089300171,
      "p95": 0.008094400773827164,
      "max": 0.008136322738774607
    },
    "roll_error_deg": {
      "median": 0.3110851202424083,
      "p95": 0.5727734062107922,
      "max": 0.6018498824295015
    },
    "fov_error_rel": {
      "median": 0.003872110200202674,
      "p95": 0.003873678768827732,
      "max": 0.0038738530542305164
    }
  },
  "timing_ms": {
    "detect": {
      "median": 212.0,
      "p95": 223.7,
      "max": 225.0
    },
    "solve": {
      "median": 85.0,
      "p95": 141.7,
      "max": 148.0
    },
    "total": {
      "median": 301.5,
      "p95": 346.05,
      "max": 351.0
    }
  },
  "worst_cases": [
    {
      "id": "tetra3_alt60",
      "axis_angle_deg": 0.008136322738774607
    },
    {
      "id": "tetra3_alt40",
      "axis_angle_deg": 0.0072978834398257355
    }
  ]
}